	A[C>A]A	A[C>A]C	A[C>A]G	A[C>A]T	C[C>A]A	C[C>A]C	C[C>A]G	C[C>A]T	G[C>A]A	G[C>A]C	G[C>A]G	G[C>A]T	T[C>A]A	T[C>A]C	T[C>A]G	T[C>A]T	A[C>G]A	A[C>G]C	A[C>G]G	A[C>G]T	C[C>G]A	C[C>G]C	C[C>G]G	C[C>G]T	G[C>G]A	G[C>G]C	G[C>G]G	G[C>G]T	T[C>G]A	T[C>G]C	T[C>G]G	T[C>G]T	A[C>T]A	A[C>T]C	A[C>T]G	A[C>T]T	C[C>T]A	C[C>T]C	C[C>T]G	C[C>T]T	G[C>T]A	G[C>T]C	G[C>T]G	G[C>T]T	T[C>T]A	T[C>T]C	T[C>T]G	T[C>T]T	A[T>A]A	A[T>A]C	A[T>A]G	A[T>A]T	C[T>A]A	C[T>A]C	C[T>A]G	C[T>A]T	G[T>A]A	G[T>A]C	G[T>A]G	G[T>A]T	T[T>A]A	T[T>A]C	T[T>A]G	T[T>A]T	A[T>C]A	A[T>C]C	A[T>C]G	A[T>C]T	C[T>C]A	C[T>C]C	C[T>C]G	C[T>C]T	G[T>C]A	G[T>C]C	G[T>C]G	G[T>C]T	T[T>C]A	T[T>C]C	T[T>C]G	T[T>C]T	A[T>G]A	A[T>G]C	A[T>G]G	A[T>G]T	C[T>G]A	C[T>G]C	C[T>G]G	C[T>G]T	G[T>G]A	G[T>G]C	G[T>G]G	G[T>G]T	T[T>G]A	T[T>G]C	T[T>G]G	T[T>G]T
Signature.1	0.005279081463538682	0.006506567561013599	0.0017812384518534666	0.0029771820351872577	0.0045545903525551455	0.00638579166129467	0.001619644047141389	0.005072593928196181	0.005752060443573413	0.005269762547980789	0.0010964672543039417	0.003306185581355045	0.006438213264788804	0.008015409137998765	0.003066921704220065	0.00801669430749124	0.0008567045605924413	0.0018354170144490776	0.0007083351720759784	0.0014155420563789452	0.0008873087416258981	0.0006106595009758511	0.0009184272515049145	0.0009751514102622124	0.00042069875251475375	0.00219040481739287	4.4214475894374295e-07	0.0006599504547641141	0.0009853585307344741	0.0014845786608593482	0.0004109413368139746	0.0016557467287488562	0.01403901997370342	0.01018564331474313	0.20518768793095526	0.00602886313218874	0.01442944663503974	0.016091271237955795	0.17338045656521495	0.012079297886053643	0.01742806126697928	0.024858300068885397	0.18425354168437566	0.01311614445392584	0.007616550463914932	0.012696267401997332	0.10243608228817282	0.007230004146810071	0.001109714603280946	0.001240965614825375	0.0013785455632803272	0.0026358484894416223	0.00042554744383888803	0.0012813658976118176	0.0011226016550436187	0.001199664514726307	0.0003204200995923416	0.0004024157819251558	0.0007716712247466367	0.0009717825602701062	0.0016535938999339816	0.0010886332827251255	0.0005026415314894938	0.0012985454595640553	0.003839974752984578	0.0032840729216277553	0.004971768411684986	0.0029181332514184063	0.0015029530128039086	0.003536470774284119	0.005291173826420257	0.003695755160597463	0.00522861985713226	0.005099114637539594	0.0032002771810151365	0.00491966115410272	0.002383948612138519	0.0026451711660764126	0.003838960422133134	0.002040966997974308	0.00043809882268816704	0.0009337247294640839	0.0006796484365502672	0.0009957566492879112	0.00010892172429041083	0.0014128816150728023	0.0012067898553354455	0.0015184932109995914	4.6041630597772325e-05	0.000147418039592321	0.0007640359253092644	0.0003692826045719194	0.000412664681534548	0.0007034377788492513	0.0009365523565157302	0.001314562849249996
Signature.2	0.0005395807859858412	0.0007315575208641703	0.00019719364563485734	0.00025701970118410306	0.0007772696705031387	0.0003087912623714462	2.040724588380596e-05	0.00048827999562430305	0.0004086634660686176	0.0002034928377598024	0.0005274671127298627	0.00015132618357718375	0.013210296148032288	0.0077942464073629935	0.0037095982605957235	0.010819811252827622	0.00020824314574132801	0.00031888262253710627	0.00043545516490803803	0.0004848299222639291	3.186442223553331e-05	0.0004041144318302463	5.775604507717867e-05	0.00036683380750067966	5.205445301561111e-05	2.2080450434317926e-05	0.00012020690155775889	0.0003306987623584657	0.0325221131340341	2.3163120356726733e-05	0.003640196916395109	0.05838246217540106	0.005881459923108941	0.0032215006671556003	0.006598515331718418	0.0026397225656115066	0.017232701415126533	0.005082312012150584	0.015008330872535797	0.010504347570801523	0.007419291556206336	0.0030350014442109543	0.0008957190817142818	0.004023410980608378	0.3667213243288195	0.09780552186963899	0.10686838930874523	0.19962058602873328	6.069515533452769e-08	9.832590644256871e-05	0.00043427451454717387	7.810825801134516e-05	9.243614393324001e-05	0.0005191018130577165	0.0002888388864485713	0.0005258184546493408	8.882077553859333e-05	0.0003556950511427548	9.478002472872423e-05	0.00016533265072486155	3.9619148980257914e-05	4.345856863797043e-06	5.103090515882458e-05	0.00014975758214985413	0.0005976620946452295	0.0003700837943180615	0.0004689425151752693	0.0007795396510008597	0.00032682861873207993	0.000438905600151162	0.0004538294450728521	0.000513026668497675	3.6100527095460324e-06	0.0002252169926944263	5.288499976038075e-07	0.00044337768128061743	5.00105103859724e-05	0.0004255860146954121	0.00014737636443225914	0.0003172370811749993	1.545996807057456e-05	2.1605195895761056e-05	0.00022283276810975466	0.00011403432278859379	6.80328542417403e-05	2.4717951267653567e-05	0.0002861262970654104	6.138331154273046e-05	7.380404249925e-05	5.68923879238655e-05	0.00011743240554000625	6.626715726688001e-05	3.519590603612271e-05	1.2922440489599295e-05	0.00015830271354351673	1.2789745683207988e-05
Signature.3	0.01727950025067706	0.020823169197409702	0.004188045157068845	0.012726938960989162	0.021248688854459713	0.02245778178637043	0.005835414635244509	0.017026264222038248	0.011099985563972506	0.01625924258772508	0.002708192304158105	0.0148391296045964	0.010034426598047907	0.01953797167205045	0.00299710917192391	0.014054673629262826	0.018705910918908157	0.014168568741829798	0.010332173026649601	0.01821399690400903	0.019043515646332845	0.01928155667271111	0.012412899765514344	0.027808466944125025	0.013641650228215297	0.014730253523415265	0.004870669263254871	0.021762161399519107	0.013813026578833156	0.02370650377665519	0.005582231722999874	0.028124401055751952	0.013928283681873665	0.01036520775108515	0.006997328106294407	0.01157864258332353	0.01628583800656814	0.012175841168194552	0.01045727474763758	0.01859057736560529	0.018461482874608786	0.012308581338432175	0.0035353407120835303	0.012890929622890283	0.007646622003245198	0.015917624577148456	0.003765950489884107	0.008869704984508505	0.0038106057465680026	0.006322242296893562	0.00591169577088625	0.004521576295192246	0.00446381070034076	0.014037485649122885	0.014225734980038623	0.014841654970930134	0.0033776129161659564	0.006702185862825648	0.008500971174495137	0.0065580022448044496	0.00345065089195681	0.008121680688324518	0.0049604027211913315	0.007862445171960884	0.005893524902932424	0.007877009054546307	0.009414712826542191	0.008769910299614592	0.004654649461665626	0.015919054454157144	0.010411637081189008	0.010761734541137836	0.005217129786046182	0.007472390452093082	0.006424353365454547	0.00567411027715738	0.004409897156058763	0.009773170179886123	0.004618297156810986	0.005758010362206398	0.0010630680581026235	0.0012555408386083196	0.0072748397987385475	0.003631633295695889	0.0011639146966853826	0.006424792696100512	0.01293536096660779	0.007868433883071266	0.0031565191921491586	0.005373253582454581	0.017266531565132016	0.00534005111766044	0.0026255649471174443	0.005496286729264962	0.008368135409361743	0.006947973405950829
Signature.4	0.02348056349062403	0.02971908213185668	0.02958564997012462	0.01569522808419542	0.04305195953781289	0.07222070950355698	0.021589530762292898	0.041238822035588506	0.03552947838311982	0.04938618030844355	0.054615925789327176	0.02587119026391944	0.023456095616345273	0.052248256265323645	0.018957225779006028	0.02628953037630207	0.006240040160521953	0.005193626003625436	0.005011776770895422	0.003487828463154535	0.009805760849176467	0.01140946062189744	0.01545614134118695	0.008973262202188236	0.006614530550048895	0.011263514807188879	0.014917125105454999	0.006016555875330099	0.002274530484009236	0.010197150386354983	0.005650711530280638	0.0035526392400408204	0.0077196373119859255	0.007213369449479767	0.0045267661156474775	0.003810775543076251	0.019611521698352927	0.016937755974775575	0.01864550384016205	0.01918750747489187	0.008220916540775058	0.009901991039286918	0.005533772216539754	0.008222626362951136	0.002487767716885102	0.006798100257569986	0.0020050911881640977	0.005471064429662866	0.001791335944467905	0.0027604581437559645	0.00663267872523362	0.0012790954498079993	0.003649982371777163	0.010107274133757291	0.03489595712261202	0.008561434821660897	0.004337924490738417	0.0051230896787147675	0.011564707609607264	0.002806749447955763	0.0017970330552341594	0.0033878501830944103	0.005113689112751738	0.0019851337907385636	0.003134837902818831	0.0014156195609004952	0.005372469767439233	0.0015349145397695984	0.0025306544444321667	0.00236746961691612	0.01020349623468188	0.004020152003214678	0.0038349767236962834	0.0015763352857583906	0.0036520129293496633	0.0014969330389097415	0.0011181539010345872	0.0011783826723806643	0.0022450342446227118	0.000970509853249964	-0.0	0.00014156195609004945	0.0009949018087850438	8.52730299871999e-05	-0.0	0.0011837348084580608	0.004693608267953662	0.0008933671118254845	-0.0	-0.0	0.0015651483982927123	0.00012474441990914517	-0.0	0.0002209467510713745	0.0018708618705189273	0.0004852549266249821
Signature.5	0.011307998649798113	0.010139205543423825	0.004199265330197014	0.006995995876866605	0.010629508625134058	0.006852907861706596	0.00808333097547887	0.012368613664522134	0.013220155686583326	0.013466296802970434	0.007951495739462137	0.012152395030704227	0.012354206810008777	0.013759906732710445	0.008368421600361317	0.015249699775861504	0.008832813012243344	0.008250938688273233	0.004381841768204269	0.00888755607076039	0.008281236160831458	0.010562726862568156	0.007543985000399307	0.010575821211104708	0.006180238347937284	0.007846919861538747	0.0031152533493620355	0.007126854098992481	0.0022419314835998975	0.009053388370849593	0.0028286919706756427	0.005554234053653001	0.016528241138505817	0.014433429369692904	0.03187741822058746	0.012521004553462148	0.025015803668050906	0.02422931007202367	0.03712372697976138	0.022943255325005022	0.022275911101054684	0.02624324669837641	0.03734551315622281	0.023007569933858364	0.009196289781164664	0.02358729742964442	0.016157337281808272	0.009853168570965527	0.003908787138552807	0.006161351473108652	0.008979771132169708	0.005614704366402987	0.002887400745087474	0.0066511432725280826	0.012613214148701308	0.008569749166889315	0.004985311356659426	0.004661241646525201	0.0069707917636013675	0.0037430339728076576	0.0043248587225637285	0.005922448163998567	0.005241421883935783	0.005314810717214346	0.015527633941776895	0.011467262915795716	0.022198890382241144	0.01369513030322355	0.008152150959104824	0.01337921538431442	0.0224973263427806	0.016688268447866823	0.012052060827991012	0.011097418849757554	0.014427718200978054	0.011496033306590164	0.008014712542957401	0.012299797718484653	0.00924155241280374	0.00901737375479195	0.001520044989884274	0.0018707485024889807	0.0042840346036388715	0.0019167215057288806	0.0011689207896179296	0.0037263002851950664	0.008579757720781955	0.010060573087439073	0.001203849821654261	0.0003798620137457731	0.006085450322176844	0.002426951567435835	0.0024443388305809225	0.004446254756220736	0.004442499145636582	0.006938747798601526
Signature.6	0.0008024051939985871	0.001975896097338868	0.0005931017271272873	0.0009004178956966503	0.006920580602673596	0.020798862384757047	0.016380648180940347	0.03999334892222265	0.0016639542743845561	0.00526731989674123	0.003707164832622978	0.006400960038490152	0.0008865839484337584	0.0020664108924974187	0.0014711714481487632	0.0030236969160268175	0.0006136039718810753	0.0008468126131452291	-0.0	0.0008530274801336687	-0.0	-0.0	-0.0	0.00014008178256470286	-0.0	0.002724475808659258	-0.0	0.001250762306371639	-0.0	0.00014251109603430475	-0.0	5.213270544873824e-05	0.014726495325145809	0.011502537995222696	0.10770727364631538	0.0070611719188842575	0.005824251002250056	0.008543931021124267	0.16218641770359615	0.006093557541564573	0.04527342254887979	0.0702006600031202	0.23637589099438894	0.03855290873757286	0.003859247775535184	0.004774121717149209	0.052293457838742397	0.0024502371560906964	0.00016429192292476052	0.0017137981062190825	-0.0	0.0016580084065517934	3.570743570701153e-05	0.0017370550154159087	0.0005989190883832806	0.0006008562166357922	-0.0	0.002024024686713105	0.000382792504945426	0.0009610358444942447	5.8600686932363945e-05	0.0004323002746291542	-0.0	0.00022657107618518033	0.0020536490365595057	0.0029082634529778366	0.010560338872221017	0.0007195130820885141	0.002213861013834714	0.0026723923314090894	0.020213519232935732	0.0018025686499073764	0.005627582718951458	0.004264909161288329	0.007336856344787336	0.0019220716889884878	0.0017287202645047367	0.0018913137015025483	0.004850153613294791	0.0009386516013386041	-0.0	0.000882865691082558	0.000340656092652291	0.0009072121469811704	3.570743570701152e-05	0.0026723923314090907	0.003743244302395507	0.004697603148243465	-0.0	0.0011565855352646298	0.0006379875082423769	0.001601726407490407	0.0002637030911956378	0.0010267131522442407	0.0005033178277947423	0.0023304453550475686
Signature.7	0.0002484662154962732	0.00046434269788873337	-0.0	0.0002494669700473248	0.0010820938962886547	0.0006814536674393131	-0.0	0.0011982779289897339	0.00027372467235512414	0.00011951550344784148	-0.0	9.682520099364151e-05	0.0006863307965672594	0.0018754747612707249	0.00035201659855198356	0.0008918999911910979	-0.0	-0.0	-0.0	6.23667425118312e-05	9.017449135738792e-05	0.0004543024449595421	0.0014213580212967182	0.00027652567592070776	-0.0	0.0004780620137913659	-0.0	-0.0	0.0001372661593134519	0.0009377373806353623	0.0005280248978279754	0.0004802538414105912	-0.0	0.018295102296816097	0.00015610676656722125	0.0026817699280087415	0.06799156648347048	0.11437064051856471	0.04927374473828623	0.07263407754183926	-0.0	0.025098255724046708	0.0004646384452345131	0.015588857359976286	0.0824969617473846	0.27072478178942905	0.17460023288178383	0.057904891735791275	0.00036035247254460884	0.000546761907064117	0.0005763989407932673	0.0014409252337848819	-0.0	0.0012309227689875093	0.0006896658978619187	0.0012939363775621748	-0.0	-0.0	0.0005037626555450329	0.0006022583574797524	0.0003855984284491084	0.0010667172727056673	0.0006021603734691381	0.0021298007505773696	0.00018017623627230447	6.834523838301465e-05	0.0004483102872836521	0.00045286221633239156	0.0004699170543329258	0.0007033844394214342	0.0009852369969455992	0.003234840943905435	0.0001214100383397989	9.513061793963123e-05	0.00025188132777251645	0.004878292695585996	0.0008868763854329494	0.0012800607272468005	0.0011441047095913613	0.001022304360277137	-0.0	-0.0	0.0005763989407932673	-0.0	-0.0	0.0007033844394214341	0.0008867132972510387	0.0009345096060171256	-0.0	-0.0	0.0014273275240442593	0.0005420325217317773	-0.0	0.0007111448484704448	0.0006021603734691377	0.0005963442101616635
Signature.8	0.028691553165318573	0.03883935695766105	0.004959116209889655	0.026359746688887117	0.03598619698752987	0.03644055526104589	0.003455709171462204	0.03338421811768704	0.027182208556641385	0.023787588969885715	0.002486785532240175	0.025653102734150574	0.023339172934801117	0.021339389732491835	0.0037526539109022524	0.032918216168972794	0.006530062432093627	0.005030934223202827	0.001147653935937184	0.006774517417010762	0.007508424038461164	0.008683447671828982	0.0019549958942210403	0.009050160012909852	0.004275001130656473	0.004580436759069576	0.0009387406451569217	0.007034900184884586	0.003555287233191558	0.004482212252787806	5.6798812381314163e-05	0.005392007037890285	0.014117361014659496	0.006600637185852782	0.037832127255490774	0.01632332468926867	0.005519585848001325	0.005686593864604509	0.024849351487549406	0.02184974433027546	0.0025954421236275365	0.0024305674419332164	0.03392047942354003	0.007655197953574942	0.006199633402677087	0.004790550063353962	0.012255412939025516	0.010537147307034906	0.0060585235867807565	0.010687817553355638	0.011308682133257742	0.01248638590776644	0.0071079714326554985	0.019777184273063998	0.02027243990834659	0.023735642943279178	0.0062154535061210115	0.009466051300875447	0.009566197510355331	0.013494878637471223	0.007343932307172675	0.010818814662912301	0.0063345878787375055	0.014817792894348925	0.0073465705446655975	0.006695620839087465	0.007937768591225797	0.011305352650464374	0.0030584546586762346	0.012096630245389192	0.007012193946317005	0.010056064548639148	0.0043686512856684	0.0062002024428002515	0.005323948632315146	0.006430831323334374	0.002377354870032596	0.00544003283983325	0.0012971987300831103	0.005360262585194191	0.001912840284885205	0.0006823647712537542	0.005531456218482833	0.001522568679096831	0.0014329483014927106	0.002318490540010838	0.008184995848475459	0.004400924040405707	0.000744233376868167	0.0006280578153081688	0.006429828933928714	0.004111923363087314	0.0008455814307604932	0.0022810686519044296	0.004567994669061446	0.003870920793031905
Signature.9	0.010879474272261073	0.009081607506344291	0.0011392290277138246	0.006189866512151367	0.012898199400990181	0.009448856385374953	-0.0	0.012242635229655519	0.015714262619217413	0.016048386765157165	-0.0	0.012012313073934614	0.02223851435566361	0.005885305258575168	-0.0	0.032243931415028564	0.004351789708904227	0.0031175667559092345	-0.0	0.003459043050908116	0.0023690570328349313	0.0033153882053947206	-0.0	0.005246843669852363	0.0014648888882321319	0.005058730610756063	-0.0	0.006218138532389684	0.00330572510692297	0.003421689103822772	-0.0	0.004906685215330434	0.00843159256100194	0.007590597318735526	0.028480725692845613	0.006918086101816232	0.01289819940099018	0.011438089308611787	0.0262775660467128	0.013049841948094344	0.008256646460944744	0.012036290073867873	0.029839196720408485	0.014273454358439956	0.00500867440442874	0.01149687538884451	0.01207397616254924	0.00961309756472901	0.006364029531966945	0.004189641499510258	0.006356365869159497	0.01111640704079818	0.0037722737889881956	0.006288081459239119	0.007333819173860051	0.007239504094158043	0.0026580623564383616	0.00402659199106644	0.003431247617910114	0.0031644966905690795	0.012100213266065241	0.0028024710967696656	0.012304373841469535	0.00864177752036361	0.013254011917815459	0.010474103748775644	0.0164517704848834	0.014841905616633247	0.010562366609166946	0.015142726779392164	0.02214525789753819	0.028853096027441467	0.008062789147863032	0.013468255970118782	0.011519188431555387	0.01107573841699178	0.008779689625610133	0.014219945935460892	0.008613061689028676	0.019210857940952203	0.017619420605032455	0.005087421820833886	0.004860750370533732	0.011597116534454324	0.014814747971299096	0.008213004354924567	0.018118847370713065	0.053404457738064404	0.006379349655452068	0.0008330879981516773	0.006127227889125201	0.016261996882091106	0.02825259097471978	0.008407413290308996	0.007734177843209423	0.03388322840718107
Signature.10	0.0004342859081301789	0.0009275534811338207	0.0004677494943379105	0.005730746950033058	0.0027920020883259737	0.0010209346313703716	0.001656229889781058	0.01473006062056327	0.0012758248861507449	0.002626136341848478	0.00046407212744535315	0.008510232456901485	0.025637485783665516	0.009646922661054163	0.00544960699798847	0.21125970826084717	0.00031020422009316143	0.0002782660443401462	-0.0	0.0001245814554355013	-0.0	-0.0	-0.0	-0.0	-0.0	0.00023873966744077075	-0.0	0.0003868287480409765	-0.0	-0.0	-0.0	6.852407014623649e-05	-0.0	0.002968171139628226	0.019645478762192248	0.0029276642027342803	0.0010807750019326348	0.002722492350320991	0.025789865426590758	0.003958703791776381	-0.0	0.015995557718531637	0.06264973720512267	0.014699492425557107	0.0025363288074749303	0.019762142538664356	0.37637447040946176	0.02686143549732471	-0.0	0.00013652387357295455	-0.0	0.0004934293656305398	-0.0	8.781589119511785e-05	0.00029521084656241415	0.0006461796410444865	-0.0	9.501466937406251e-05	-0.0	0.0002406097214674584	-0.0	0.0005682224639588964	-0.0	0.0011912347294454368	0.0011157311127938474	0.0035496207128968183	0.001663122948802925	0.0016447645521017993	0.0002346721513940448	0.0016685019327072387	0.0014760542328120698	0.0014359547578766366	0.0038803859035562893	0.009596481606780317	0.004528337866047181	0.007458901365491205	0.001155385342293263	0.0068896973755016196	0.003909271854048681	0.004211865650539224	-0.0	0.0027304774714590908	0.0009594940089247644	0.005633318590948661	0.001032557466133797	0.001580686041512121	0.0036409337742697727	0.01306718829667739	-0.0	0.00190029338748125	0.00075472297767453	0.0018045729110059367	0.0019256422371554378	0.006534558335527315	0.0013231381659857078	0.026930413704962918
Signature.11	0.00012790699595409896	0.0009561489792333322	-0.0	0.00012842217065527016	0.0006498882590314596	0.001987883613968537	0.0024389853072008813	0.0013286151282654863	0.000375759207231099	0.0012304988012495257	-0.0	0.0005981314071379017	0.0006359646056502538	0.002413671635626455	0.00018121331126182624	0.00028254638058453747	0.00044767448583853624	0.00028684469376999975	-0.0	0.0005778997679487157	-0.0	0.00023386866046688664	0.0019511882457607054	0.0001898021611807838	-0.0	0.00024609976024990513	-0.0	-0.0	7.066273396113931e-05	0.0010620155196756403	0.0005436399337854788	0.0005650927611690749	0.014389537044810092	0.10508077281774322	0.01157207326097656	0.04103088352435881	0.02878076575710749	0.17750631329436697	0.032926301647211886	0.07743928176175975	0.024518288271829215	0.11997363312182874	0.021527054233282987	0.05203743242099746	0.02134014565626407	0.15341296916041758	0.014497064900946094	0.06738731176941219	7.420180189207949e-05	7.036638049064038e-05	0.0004615679599518327	0.00012716031847961017	0.00019352547756976938	0.0009957547901868066	0.0006086237728399763	0.00029604474650683944	0.00018750066183084743	0.00029383161504547965	0.00034577346362597817	6.200686651876606e-05	0.00011910046570085332	-0.0	-0.0	0.0003508454980158475	0.00022260540567623836	0.0010554957073596054	0.0005275062399449512	0.00012716031847961022	4.838136939244234e-05	0.0003620926509770208	0.00010143729547332941	0.0006661006796403885	0.0006250022061028246	0.001567101946909223	0.001642423952223396	0.001426157929931619	7.940031046723554e-05	0.0006589576853898239	0.00043397744847886987	0.00021927843625990458	-0.0	-0.0	6.593827999311895e-05	-0.0	-0.0	9.052316274425515e-05	0.001115810250206623	0.0006661006796403887	-0.0	-0.0	0.0008644336590649456	-0.0	-0.0	-0.0	0.00018599033506237276	0.0001315670617559428
Signature.12	0.006622627199973352	0.006043641622288896	0.0036745391528522704	0.0039723098954907625	0.01685581279878428	0.017613081106785246	0.009184224587472907	0.009061597884367495	0.007832792269245267	0.009267113919814222	0.004825125730063843	0.003619798542993987	0.006272052021177004	0.012854306544958172	0.004630404984859933	0.004654800978103484	0.0026662525090800243	0.0019288217943475199	-0.0	0.0021588640736362845	0.002372299579088158	0.002987933402043927	-0.0	0.0024249346451124284	0.0015160243101765033	0.0018203259485349373	-0.0	0.0012065995143313289	0.0022807461895189103	0.0035057199668067736	-0.0	0.0014249390749296383	0.010406985599957515	0.006943758459651073	0.004106837876717243	0.005785755717345242	0.023348422173130823	0.014782407357480475	0.015088368965134059	0.026163768539370944	0.015665584538490533	0.015224544296837651	0.007398526119431228	0.015417660460900314	0.013114290589733735	0.012334940623949759	0.0024370552551894378	0.00854963444957783	0.0028939280506528864	0.006151115031783799	0.004079159864248226	0.0034202423678969377	0.001106120287230339	0.010469681020320646	0.004228970300695715	0.005374850723159307	0.001260805484112976	0.005137089762233728	0.0022088211379967344	0.002585096494572959	0.003043283002999483	0.01299763177321319	0.003084935768407191	0.005544074461339271	0.023251215027659405	0.029998514847314826	0.04318588812801927	0.014251009866237244	0.02030056056563917	0.046870083637481956	0.05661363467060395	0.03224910433895583	0.048162769493115695	0.03609134858594978	0.047664035083087426	0.03377303484845318	0.026695464938591953	0.03367568232150691	0.026680525564602747	0.02188140026762628	0.0005987437346178391	0.0009463253895052005	0.0015961929903580022	0.00171012118394847	0.0008458566902349657	0.00596528337204316	0.006138827855848623	0.006270659177019196	-0.0	0.0005268810012547412	0.0012787911851560045	0.002668486704075314	0.0010144276676664946	0.0026586064990663364	0.0009171430662832195	0.0018873444974771992
Signature.13	0.00027916005640571477	0.0008088215642976812	7.994121393852178e-05	0.0007088875142013425	0.0020702298729123906	0.0017675864621224742	0.0007765231091755571	0.0015551970368804444	0.000161824108337093	0.001210186013892764	0.00030197411299964154	0.000716370553438212	0.044380328662537834	0.02181648126341887	0.005418549034522039	0.017163603180819657	0.0031481784363593256	0.0011480522404303777	4.1685326012142485e-05	0.0032324181437498006	0.006456904164579744	0.001391042579457173	0.000907872085140218	0.007898810676722007	0.0016529347592999775	0.0012656435905447553	0.00025509844657630414	0.003483847902190891	0.25820924828202935	0.08042630003037524	0.022515057525279582	0.30415811190695585	0.001234349437786836	5.050484132720165e-05	0.0006635006346169767	-0.0	0.00441538558932226	0.001531207271799647	0.00041090174171052544	0.0007570392147785987	0.0035940918948390746	0.0040355970999361845	0.009996892912863434	0.002193853037103743	0.1048944168476006	0.018915031519141756	0.014418774020225325	0.025919291095324867	0.0006016316018597952	0.0009725924886799886	8.817608395740763e-05	0.0005371204875127464	0.0001798971528512193	0.00026238166808215476	0.00037954713838077883	7.724821808846414e-07	0.0001124333303826405	0.00032294545986077326	0.0001730407991728001	9.924408054632375e-05	0.00020875545464325087	0.000736862280282456	0.00019821586451523285	9.169444960960506e-05	0.00026581224947538516	0.00013350795737128448	0.00024003684371183415	0.00014782591706207732	2.6970452471602775e-05	5.1118996358163815e-05	7.178551576389857e-05	7.372553891127405e-07	0.0008590425802480321	0.0006767527727625567	0.0007102271356486226	0.00054672160520424	0.0004058807152702745	0.00012695321846976207	3.0236234378936303e-05	0.00010276374918203979	0.00018683384580402157	0.00010311592088529836	3.095334409011095e-05	0.0001063912860295009	9.522424785631596e-06	0.00017425218125596953	6.0826753530416195e-05	0.00044751471024763104	1.506864379536127e-05	0.0001192504510203713	1.1924586118344471e-05	4.345164927984239e-05	0.00028294789865297357	0.0002246895661850578	3.872430623621632e-07	0.00038347845999184483
Signature.14	5.6250182814760846e-05	0.003532112200909523	0.0007068191657743578	0.016717116016886007	0.004572864288702009	0.010490636500296316	0.001930684581402232	0.1049218815205438	0.0014872424724722973	0.012338025998996213	0.0023141655036236206	0.06453314131442665	0.0003107563956018694	0.014096324897816261	-0.0	0.03205819700696225	5.62501828145313e-05	-0.0	-0.0	5.647674330029059e-05	-0.0	-0.0	-0.0	-0.0	0.00016524916360803304	0.0001082282982368089	-0.0	0.00026304269557510853	-0.0	-0.0	-0.0	6.212828877318265e-05	0.016481303564657664	0.0269954289640942	0.07011646124481628	0.01564405789418049	0.004899497452180722	0.017175846034798874	0.06285450915009488	0.015525433542419368	0.04602189206483719	0.06688508831034791	0.20575035114035461	0.0486628986813951	0.005717917679074396	0.024031686422180728	0.014982268799661093	0.014227378129058835	-0.0	0.000495124975715696	-0.0	0.0003355308804443463	-0.0	0.0027070624264385855	0.00017843797743930613	0.001301928091431169	-0.0	0.0021536588544589117	-0.0	0.0004908422399077121	-0.0	0.001030373392967132	-0.0	0.0004628782793905489	0.0008484327784593197	0.0028469686103652523	0.0020298562979295595	0.0009320302234565184	0.0002553224726619776	0.004219832605918972	0.0014275038195144497	0.0017576029234320785	0.004287812517315382	0.01094058698065127	0.006234550629927931	0.004690270292451472	0.0006285275877843408	0.003606306875384958	0.0018539912234047699	0.001002902938679523	-0.0	0.0012378124392892393	0.00040597125958591215	0.0020877477005425992	-0.0	0.0015923896626109317	0.0004460949435982654	0.004101073488008183	-0.0	0.0016367807293887723	0.0009123732629162825	0.002072445012943674	-0.0	0.0009659750559066861	0.00010905830725910417	0.0009643297487303109
Signature.15	0.000666473136772587	0.00306591810789837	-0.0	0.0029339983125130824	0.007888991891414208	0.00787401634469983	0.0029327526543932686	0.017345267340500372	0.0018073234130048029	0.009765430262572452	0.0024926450579382587	0.024693282773291695	0.003228793613153828	0.00479849294999541	0.003631659294580726	0.008210559500180587	0.0005639388080374171	7.664795269745927e-05	0.0007730452603648886	0.0005147365460549267	0.0006698200662521497	0.00028121486945356536	0.0007820673745048717	0.001293287477142571	0.0016567131285877357	0.0004932035486147703	0.0011504515652022728	0.0014384436566966029	0.0005098095178663939	0.0020122712370948498	-0.0	0.0008493682241566124	0.005998258230943434	0.012953504005870612	0.03981183090879176	0.0033972612039625157	0.003795647042095515	0.008248969503971249	0.030305110762063773	0.00730327045915805	0.03584524769126192	0.13267175457737318	0.35069598545915964	0.0639308291865157	0.006344296222337345	0.012073627422569098	0.01510770266545582	0.0043034656690601695	0.0006245665833741951	0.005076714202943955	0.00047572406058783733	0.0026843085638777555	0.0006205447884246942	0.003120348979185318	0.0021955150529854423	0.00041530809930235483	-0.0	0.002983567429924752	0.0018016897605684188	0.002137387346826776	0.0002545992883132533	0.0011151765087879645	0.00029819157293826823	0.00010546835425269318	0.0034202455756205926	0.004117779297943429	0.0038586507136569035	0.0021406511332189696	0.0012410895768493887	0.0036283127664945565	0.010408367658597657	0.002076540496511775	0.009769923318518631	0.039178951250854	0.01067154704336679	0.004672428153528302	0.002164093950662653	0.005810656545789919	0.001938245224098744	0.0016523375499588595	-0.0	0.0003384476135295968	0.0006342987474504498	0.000985379093069049	-0.0	0.0013787588512679313	0.000569207606329559	0.0026698377812294245	-0.0	0.001727328512061699	0.002563943120808903	0.009444269672025291	-0.0	0.00023477400185009778	0.0004472873594074022	0.0011601518967796248
Signature.16	0.01374681053167021	0.012382520835969147	0.0047207730928210375	0.007544048125805498	0.01970831716632162	0.015611829511190684	0.007163802963994237	0.010642954636364225	0.012040170585676625	0.01544261399783317	0.011496254347110506	0.008384895874143889	0.011509647807416224	0.01869037210695852	0.009677470474000612	0.014806116999168305	0.004098427984597251	0.003063716495497522	-0.0	0.006258130831634108	0.004958067211653236	0.007805914755595342	0.009117567408719938	0.010136147272727832	0.003887971751624743	0.005257060084368737	-0.0	0.003859713973812265	0.004717068773531239	0.008249543550657552	-0.0	0.015937794731588805	0.011526828706679771	0.009701768902408817	0.007510320829488013	0.008658509780754041	0.026029852861179485	0.015299592920966871	0.0052100385192685355	0.02673408843181965	0.01567730545009977	0.015114047742560121	0.002874063586777628	0.01543885589524906	0.016226716580947462	0.01688578445525218	0.008709723426600549	0.018201150196429827	0.004012187701345784	0.006858037253412551	0.007042702915105522	0.004753586551051131	0.0034880578872006243	0.015469684491862808	0.017605679083274626	0.009485939879428019	0.0025033096438785776	0.005230570092837606	0.005885909937550962	0.0027319043672197826	0.004505291523559062	0.008504446200611238	0.005214605267285615	0.004684116365875994	0.0355152911341349	0.01606471740182941	0.03063575768070904	0.02812538709371919	0.009430675028357245	0.02344624055797957	0.02573137712170908	0.025987522794683016	0.013434428422148377	0.012945660979773083	0.017080679818775344	0.01175546727712756	0.013038843703476822	0.017888662697837444	0.013657299509557566	0.010187953095780288	0.002575725437900998	0.003945720063607222	0.005370060972767962	0.004300864022379595	0.00012918732915557872	0.009910266627599616	0.009073696142918468	0.018379008516391796	-0.0	0.004184456074270086	0.0009232799902040726	0.0036425391562930442	0.003604233218847251	0.006744905607381331	0.004055804096777702	0.00954388709547234
Signature.17	0.0014586952932299476	0.0004074000155640801	3.1540396843416136e-06	0.0025419184293047426	0.0011933603999062742	0.0006141880530677748	0.0009032585149833241	3.7193604410850756e-05	0.007643502311247698	0.0019820743099365074	0.0038226409748170023	0.0038521632720934923	0.001605160392708398	0.0015464091940457537	0.004902397114839577	0.004407968661604804	0.001323086638520743	0.0019366728372705072	5.162981621868378e-05	0.0010620484062824223	0.0022250350406776255	0.001032722766820636	1.0682160794535844e-05	0.0011269067067013023	0.0015161198333614797	0.0003994789948896842	1.3035979627824291e-05	0.002259335501690428	0.0003454654603778335	0.0007880413180972689	3.077682341508617e-05	0.002508461638053556	0.007445071335125602	0.005028627352074334	0.01846773464730983	0.004585497673785953	0.02457992237815339	0.005600941629494849	0.04000983276665838	0.01139934390008082	0.002419518273830295	0.000498632178370469	0.022367424598362592	0.00114890615327749	0.014164711697942142	0.0201697254256401	0.03671164516908268	0.017436775401004967	0.00028315023747412427	0.0016457614983166734	0.0008926415768541673	0.0010794406080348665	1.811821019747582e-05	0.011522324617164556	0.005641406576233269	0.028790323140234168	6.649651696090321e-06	0.00313809529760318	0.003808559318801596	0.002994545690069045	0.0003454005431731921	0.0023512402495405923	1.6312242557779467e-05	0.0021202065950442113	0.0012459087344936972	0.007076970630474672	0.0036390912182527116	0.001657224957017254	0.004473648145669849	0.044694064724339476	0.03613109906875827	0.09386690060501991	8.871713751862948e-06	0.011776651976364237	0.005008876937724474	0.006291104069630946	0.0008444996871812377	0.010094754580010985	0.004578684623290573	0.00393571934588322	2.454540103966407e-05	0.005666956595920489	0.002858119556972832	0.016320356311259828	5.509676349826585e-05	0.02233102079032489	0.01698575935617706	0.2409168987129876	3.0497863693484563e-05	0.011070310147196633	0.005147328969742212	0.04901944960529619	6.594060735126957e-05	0.008763141440558552	0.0034907146038424125	0.03169032111884178
Signature.18	0.033034452491907805	0.010691392671534027	0.003758779461780222	0.01274820595551186	0.08423565686404995	0.02467057842628804	0.04282430329770607	0.0365464626412229	0.12359703371103749	0.02024012918515107	0.022666608706550365	0.07338024445763545	0.04844913247879948	0.041317041405352056	0.028083795436085884	0.08510602353669619	0.0009915532612017495	0.0024420397122422713	0.004295039524236015	0.002614086073151991	0.00043505490551024154	0.0043675316521858965	0.013476137615027407	0.005353989204080327	0.0008870812790685939	0.0008158091545886531	0.0013271263131394463	0.0014027842101268489	0.0013021980978657516	0.007759347060281153	0.002802795903489621	0.0025753937731987004	0.0025007191805703844	0.0024092317922969047	0.013904342877830376	0.003679097558966361	0.009268787585656703	0.006758647808815683	0.04034340500239216	0.004998693406313134	0.0025954046354425392	0.005281499276585855	0.02908647398596106	0.0019495983147304163	0.010778450287856744	0.009831403278593085	0.021392410171243704	0.003897284511198042	0.001151748725790225	0.000583410108383615	0.003034994348791359	0.001185571723531405	0.00020391006481295336	0.0023051728673444357	0.005726307261950229	0.002506747803310206	0.001198068645758602	0.0015119646727238707	0.001330065170663184	0.0022885934618695897	0.0018922645960065218	0.0019294009219146672	0.0012779593202675366	0.0012634846155442833	0.0011122510142208021	0.0010883891907360835	0.0022440732020733065	0.0023790593516287368	9.5029962581629e-05	0.0028221840166152636	0.0026920204061996766	0.0009910065855885612	0.0003380176554186193	0.0022816281772613006	0.005187358737525034	0.003024120171498135	0.00012266871673129965	0.004685355847514185	0.000976663324450325	0.000608638110590484	0.00014642848490726125	0.0009026119629537871	0.0015967636336209443	0.00014669636399220542	3.016646910039554e-05	0.0018650191616243158	0.005507460600991412	0.0017713885645888774	0.0008570005198629434	9.214395584944267e-07	0.00856599526301609	0.001831973335745091	1.4737279106876887e-05	0.002420090601658734	0.00047817326607383216	0.0009531861327459469
Signature.19	0.006858987954861587	0.007092008451692803	0.0008054909055832553	0.004762705077623957	0.010422469495378072	0.01863593194565657	0.004400415119376577	0.009131757071646634	0.0030130863425738516	0.0038234450047641847	-0.0	0.0071943210142151924	0.003612206514513608	0.006096641901928754	0.0032694489481119157	0.006159719966328058	0.0037179560876819165	0.0018209210889481519	-0.0	0.004633983318769256	0.0001861155267031798	0.0032817993363420356	0.0004889350132640641	0.0007609797559705529	0.0018831789641086574	-0.0	-0.0	-0.0	0.0003541378935797654	0.0010644930304954969	-0.0	0.007434144786947657	0.014166694747891444	0.019455104266130254	0.05928413065092758	0.01711999392767531	0.04075930034799638	0.0882569607237698	0.05818326657842367	0.11024694214623386	0.0352154466288319	0.0757288784814584	0.06664979998606528	0.0916276718060463	0.015440412160077778	0.03193479091486492	0.016347244740559586	0.01890396817252403	0.0004090619649668368	0.003738118296733541	0.0029741446511664946	0.001402026592797083	0.002085252118737343	0.004808919949740743	0.002135152578589115	0.0016320445411868547	0.0016287966120064907	-0.0	0.0013863203892634582	0.0032318789636492547	0.0015519180022704573	0.0035226396124136985	0.0032313531553167583	0.003736429616899078	0.005392180447290123	0.003385465627230376	0.008922433953499481	0.006797704692349491	0.0032006195310852236	0.006351403707204753	0.004066957292550694	0.003931743667404697	0.002443194918009735	0.002945170767849776	0.005198701459737971	0.00615300033463993	0.002069224003027276	0.001467766505172374	0.0035420601894818314	0.001670403828731354	0.0005206243190487013	-0.0	0.0006609210335925543	0.0007222561235621334	-0.0	0.0009980777254178898	0.001321761120078975	0.0014094930128431932	-0.0	-0.0	0.0037257360461455447	0.0015537879632929114	0.0012733686172475554	0.0013209898546551369	0.0006835554751631602	0.0005714539414080947
Signature.20	0.0007357480825885657	0.0020616288511827027	2.533736734092531e-07	0.0018831557789852212	0.015729509509921955	0.04161607950793233	0.029683203359270553	0.09567397311300851	0.001022254349823609	0.0039247825920235395	0.00874897213859132	0.012574259694534701	0.0004742037395478831	0.0038200733102170615	0.001768746071483182	0.008422119054596099	0.00043462993412379103	0.0019197481524012368	1.995598449618442e-05	0.0005312554607112753	1.205368617151289e-05	0.0006249340971862446	-0.0	0.00011170826872833414	0.001227090605585572	0.002172865936836716	1.4867746035602121e-06	0.0012035264256933678	1.67404184529089e-05	0.00014307856837600334	-0.0	0.00047041976262518774	0.020488162801175793	0.020691794789367387	0.054175175875328996	0.011781929778350672	0.010088460724098271	0.020695758453174992	0.1055460071478142	0.012812329078575265	0.05201740249917927	0.065300326583047	0.010710409082943255	0.04818994250407702	0.007378871204487218	0.007695732845054299	0.04092594586753039	0.006570207202308018	0.00020777671556453637	0.001352541497573153	0.00012252563899521027	0.0030668730935268893	2.1246935295255815e-05	0.003873715924335076	0.0011154253656976364	0.0017213979196272176	9.94058430210248e-05	0.003627972979781706	0.0006981262409368844	0.0011491083151235458	0.00035786449794930825	0.0005055592744847213	5.8634310079805895e-05	0.00098921418219966	0.005930543663745471	0.013207887862001383	0.03522050617842404	0.0030338807554361902	0.0070132417143983754	0.01620087759725848	0.07333462484828507	0.007938366821644005	0.001504718888010041	0.0014950791018797282	0.023043848938450674	0.0009057854145921895	0.002219546474987451	0.008019665339354776	0.014366521333472508	0.002306902979069425	6.385541414329947e-07	0.0002616550375141251	0.0004235069452775074	0.00021990806617660006	1.0973901979287682e-05	0.0074812293303771924	0.015214496170342883	0.0015769728180562638	2.1810131878196577e-06	0.0027030178158148578	0.0023035790875928367	0.0021513489830065455	1.0417864660707629e-07	0.00026929191376062143	0.00031155067668690086	0.0002632458223525439
Signature.21	7.671842379050367e-05	0.0008028954074690281	-0.0	0.000462164548811793	0.0022274400016223457	0.0019638369910759913	0.007899658481698048	0.006375210844734228	0.0001126899036628761	0.005609190109689432	0.000860792983382469	0.0027504804407947974	8.476680309514119e-05	0.0005790866466785554	-0.0	0.00033894178820516384	0.0003835921189546378	0.0009175947513931753	-0.0	0.0013864936464353787	0.0001113720000811173	-0.0	-0.0	0.00034152915239647644	0.00045075961465150446	0.006199631173867266	-0.0	0.00047834442448605174	0.00016953360619028238	0.0003474519880071332	-0.0	0.0002542063411538728	0.003912639613337304	0.007111359323297107	0.04935759741598983	0.002310822744058965	0.003786648002757989	0.012764940441993944	0.09304042211777702	0.004553722031953019	0.0183684542970488	0.05786322428942781	0.005451688894755637	0.019851293616171144	0.005425075398089036	0.00996029032287115	0.027390250827006964	0.005423068611282621	0.0036940087210694484	0.024648099122115324	0.0021356827828291672	0.002186422942594654	-0.0	0.004017878607642472	0.0030420968627608183	0.0008878359684008623	-0.0	0.01668403068512597	0.0032146132528909953	0.0030497132725288384	0.0012858530434359334	0.003952418285725257	-0.0	0.00042087320402125274	0.011794124229920525	0.013927864229962427	0.017718257161249387	0.009610091538381157	0.012710353795381164	0.010859131372006683	0.02567529752170131	0.01811185375537759	0.10691445927948524	0.07813296060287865	0.09166832630824646	0.07460640030113232	0.018525808662836225	0.027491264965155672	0.01851841605556406	0.014414907237727906	-0.0	0.0026167502492656677	0.0012655897972320995	0.000915246813179158	-0.0	0.0005429565686003341	0.0004867354980417311	0.0028410750988827585	-0.0	0.0007049590430334916	0.0004147888068246445	0.0005950660043958709	-0.0	0.0015809673142901022	0.00022311344645257892	0.0001578274515079698
Signature.22	0.0012732993913294262	0.0031021936139535053	-0.0	0.0007840650619831093	0.005591403180305082	0.005826991550710875	0.002906220570316877	0.005577468900688198	0.001614530435704909	0.002947590645836272	0.0010570024834512548	0.000685069681202956	0.003789821657214167	0.003501470754831546	0.0012309301400044836	0.003371409479485045	0.00044668710064223616	-0.0	-0.0	0.000254530169062762	0.0007152780312754072	0.001277473096210716	0.0012336754643500869	0.002211776557746813	-0.0	-0.0	0.0006797728548163285	0.0007105256780800022	0.0002109196190470097	0.0008034822168924383	0.0009494513759258335	0.00024065474852829258	0.0026356992794402947	0.0019299839229034606	0.007713679181056575	-0.0	0.00950154061767404	0.011006814641398747	0.01776357136347672	0.005238200080464664	0.0023817741907002318	0.005259752057507586	0.010450400006013173	0.0014701168024767446	0.001886402989130179	0.0025443177734117664	0.0035944886399585626	0.001105423056027601	0.0243687102870211	0.010867078889884217	0.059279467620873036	0.008191790313888645	0.05565301980520828	0.0643557632140549	0.28630269514008116	0.06057273405455548	0.04443527431047493	0.012303082620588523	0.057549966430890824	0.008701686276761416	0.021446786152203877	0.024782809541385425	0.057319694966207625	0.013688331445649411	0.00827032988886519	0.0010322998761348806	0.004288811257421196	0.0014759467207075597	0.002579260492309009	0.0016206045676921885	0.003692119061641525	0.002315389882556132	0.0034892331275233873	-0.0	0.0016876708969373046	0.0012813053783219148	0.0025244304903903818	0.0008840624160677216	0.0014622124246748064	-0.0	0.0008113200442077657	-0.0	0.0009486682996156317	-0.0	0.0007175174561087315	0.0012756676715820147	0.00562420724861577	0.0015963411232385201	-0.0	-0.0	0.0021484750461001523	-0.0	0.0008680027851391001	-0.0	0.0021113737131840107	-0.0
Signature.23	0.000272824693653123	0.0003300129517521036	-0.0	-0.0	0.000143917498686379	0.0008107953644788184	0.0003762753960919176	0.0006453924214682893	0.00030929892000952994	0.0006580565772006015	0.00033629472161401345	-0.0	0.0013772312247939686	0.0006326723009623506	0.0001694822340552193	0.00013787237064067298	-0.0	-0.0	-0.0	-0.0	0.00017389077760210264	0.0003122433903378617	-0.0	0.00017482545162216743	-0.0	0.00015920723656890191	-0.0	-0.0	0.0001533352841435014	0.00015061360144219934	-0.0	0.00029176021919260754	0.011895534919898894	0.07366852839873374	0.013987355006866167	0.020065494029857675	0.0529166795257045	0.20507215031709186	0.03476730570298306	0.13932021527918778	0.04709840037510083	0.18863692143746802	0.02936374594997923	0.10092398651010717	0.00968023672061753	0.03952821848569879	0.004693697723556339	0.016170583842442597	-0.0	-0.0	0.00014730847325472137	-0.0	0.00027066139715647866	-0.0	0.00016524237455570653	0.00031883141071886533	-0.0	0.0001688446453943799	-0.0	-0.0	-0.0	-0.0	0.00013506527060555028	-0.0	0.00037300417994008906	0.00014670937964970663	0.00030948592036963936	0.00012493491809933502	-0.0	-0.0	0.0003061108736709088	-0.0	0.0001477142733558366	0.0004960339467166979	-0.0	0.0005809974185177214	-0.0	0.00015887906815895985	0.00013972532764876085	-0.0	-0.0	-0.0	-0.0	-0.0	-0.0	0.0001619640563038919	-0.0	0.00014683025507377146	-0.0	-0.0	0.0001522145639224295	-0.0	-0.0	-0.0	0.0001443853852753424	-0.0
Signature.24	0.016816968524723752	0.017742347332304096	0.030213906638614146	0.01449997383447934	0.05416754829748854	0.03623476677355998	0.050215565010030855	0.01749827726921745	0.04714867275069844	0.1241881388682598	0.10215197977970727	0.046146922610336344	0.020400840602909573	0.05542474955065534	0.021296463576224556	0.019645299728984662	0.007040655202122168	0.007394710628210301	-0.0	0.002287789509036533	0.011485440707287239	0.017287844220413743	0.0017854354764688272	0.009050039396907732	0.0042642317613319665	0.010583627874151973	0.012352084293600515	0.002796311587325551	0.006629752266873485	0.0067163488360765045	0.0026493997215338862	0.003955768750056072	0.0037075995735514258	0.0033741579720264776	0.004589352051007411	0.002016084880988646	0.005143629202559571	-0.0	0.0065473917277051735	0.003459494329207654	0.02041895308726872	0.017981338535521477	0.027770656755262933	0.01659042018615889	0.017235841305742686	0.010684392223681718	0.008921678158585848	0.0035873243769739566	0.00039735687291165314	9.800716687850325e-06	0.0038329159800004416	1.9326932569548897e-06	0.0012287103917794	0.0022389860560121126	0.006435294686849163	0.0019805475820220578	0.001276603270984374	0.004363353912232885	0.00015533599905165628	-0.0	-0.0	0.0053728623220227955	0.0063751409439891495	0.00010892790966753516	0.0016095280392548453	0.00040561065482475354	0.0016486397491054863	0.002771241177254444	0.0008211180530473715	0.0037008307437434323	-0.0	0.0010852444965344136	0.0007284827132589262	0.0060331111463425005	0.00022034519555682227	0.0024125105315083734	0.0006130739630928734	0.0015757594181455056	0.0002738931708271966	0.0001441809847011506	-0.0	0.000945608122217662	0.0005130438853669643	0.0004184487235647166	-0.0	0.0018160073973924025	0.00010606639393871285	0.001721373982547132	-0.0	0.0009652779161906357	0.0023207698911592188	0.0004696399048119569	-0.0	-0.0	0.0007742634347857482	2.798522752698923e-05
Signature.25	0.007727411235732918	0.008170214737053576	0.0028422116715080157	0.0038935205078995446	0.01681297059574225	0.0111672415213398	0.0038024936715375956	0.014556718438687812	0.01544336178589573	0.009717343405685952	0.0019218184422746369	0.01274665185172404	0.0059856351249870385	0.012077988354183269	-0.0	0.021237148880734358	0.006271840814416921	0.0019097536232928723	-0.0	0.002687720629931286	0.008162010576028724	0.006564958971681106	0.0024527849703954276	0.0002275103882974063	0.00478218253118368	0.0035947179822539872	0.001221226269332783	0.0024268867110777076	0.008453495357839663	0.003850331507436929	0.004551902191636351	0.014144064095390587	0.01638716352021603	0.015340506133630982	0.038577687264597996	0.0044908518066726555	0.016247413075960032	0.008475383254225033	0.03442076304683379	0.015795234657552955	0.011512721767620448	0.010446827322347647	0.030570124137062876	0.011956446299837858	0.00955673057435908	0.007601382366491586	0.031158349284149664	0.010709722897689884	0.009254231508524365	0.007639560607140515	0.005024977551839232	0.007685264224646285	0.015532791600136668	0.017461836775189657	0.07784891417716765	0.03309176421791767	0.027636303814773257	0.006991894028100225	0.040358896002160055	0.01526785293719276	0.010581051268625238	0.003044360278656237	0.007714085216213942	0.007778472351559165	0.009359660734032353	0.008163538333403908	0.016029418207408243	0.0074976785974262255	0.005332695123832415	0.01190467588326343	0.01653395578514127	0.00809713963687605	0.013345760239896382	0.00483768822698723	0.014144434697272439	0.010719387653577248	0.007035372156975739	0.0066203347805112315	0.003703216129285448	0.009110214665417529	0.0023923947841408117	-0.0	0.00574505840226987	-0.0	-0.0	0.003190073889824122	0.014575777489483608	0.007726464753772534	0.004232096062021302	-0.0	0.009166215152032229	0.002095906427788136	0.0010088829065638928	0.0005175520021567432	0.007137072557900859	0.004213653906464945
Signature.26	0.0016146716758786827	0.00176003795081826	0.0005648744696885885	0.0004751729479365087	0.004258597563198919	0.00576158714702335	0.002450559711143453	0.02236353346473295	0.0015991489867595943	0.002987709758801436	3.916778514131715e-05	0.0023876111489692406	0.002344085508779891	0.0024278612487279483	0.0005945543535001251	0.0026379718361566585	0.0010076049970787432	0.0018085994933458613	0.000611228301259398	0.0019855660024538585	0.001469891621764331	0.001758524006056297	0.0006274237203916858	0.00269820667512916	0.0015355412750174163	0.0028108236593750026	0.0006071035858845357	0.0015121971659579378	0.003675140248676688	0.00335533975129652	1.3899836642841444e-08	0.007011465731551292	0.004676128508941436	0.012576279831831272	0.03964889829343262	0.009008482765270184	0.0075780418227756425	0.009423305758330797	0.03593969013178278	0.007328133324761901	0.011170011235195792	0.02971113776075402	0.06662161635799113	0.021355861867273056	0.009886290395832706	0.012915243845785563	0.023247133221205533	0.006338035527596893	0.0020478263849630363	0.011167791998175225	0.0009568214089064377	0.0020949937249183943	0.0021327491652085094	0.004371613797285483	0.0030011585275013138	0.0014986431784636946	0.0017351097637995688	0.006312870694902277	0.0014531434418738904	0.0019288119839253122	0.00030866713649266335	0.004598143458593726	1.5453682835267732e-05	0.0006706876313798665	0.025270360372751002	0.024034079067584153	0.04226981861916444	0.020499195400063782	0.02268996013078129	0.02435970611793332	0.059312551169904984	0.019000159024427817	0.07585422291852918	0.048767012379311823	0.047742610460711016	0.04261774381594306	0.014147091247693337	0.033204930139273975	0.014690378178596742	0.01252401014595418	3.703781687021835e-05	0.00014211726804026558	0.0010243466623747336	0.0009708009696293547	5.71278143884584e-05	0.0043916074863540955	0.0069022348367532085	0.006219039054843128	2.8927616964640637e-05	0.0029831488389896717	0.0008743774757159828	0.0060122514208587425	4.1940202866086915e-06	0.00246367849197275	0.001050659038147841	0.0013940296788676292
Signature.27	0.005094782603357132	0.006933136998965112	0.0019251349661769124	0.0026710776713735436	0.007196390109269269	0.0039980049333058	0.0009940048371335833	0.004502990331503542	0.015462637484876494	0.02342995229062206	0.0059651172016671455	0.01130810654196617	0.007655404070641754	0.009262131678579083	0.004011140271461333	0.010600400208624213	0.0012959676111367465	0.002591511092139042	-0.0	0.0012997690355087013	0.0067212450715701585	0.002257706399581772	0.0013468900242580952	0.0003892573039073553	0.002038755483973903	0.0025359797541643463	-0.0	0.006957670246618904	0.0031040326072447064	0.004592011548150853	3.5525598806603135e-05	0.00230312467044831	0.013431073511554979	0.007937030736470382	0.016495229167946733	0.004397956734843018	0.02477637197666731	0.012785705337608031	0.028006894438440896	0.010381155573973521	0.020435929884968312	0.03793216181411032	0.03429248925477013	0.01157854650732893	0.02028430384654861	0.011803992879006365	0.012781960179634795	0.012843062614746254	0.08123454304339126	0.0015765942319593048	0.0012374164701971805	0.0016444873703185061	0.24477702798478884	0.0038977161224323835	0.006825403423023419	0.006151157105828147	0.10506966012906495	3.515714284491677e-05	0.002071544723218297	-0.0	0.03208696613469303	5.2765308986599904e-05	-0.0	0.0012951497013560837	0.002865708309787286	0.0019875248874693446	0.005740472682060308	0.0016818221845478288	0.003627278781272397	0.007930155151622185	0.008788522656507732	0.004417899996355321	0.004569405336974505	0.002945222050863237	0.0016260396847706852	0.0035558044774421332	0.0010455992075315786	0.003909585896541578	0.0010937774187521798	0.0010254756900608109	0.0006451787707364652	0.0010326697081453858	6.827502035007894e-05	0.00016607555156433184	-0.0	0.0005281437838643256	0.0006259910811282019	0.0016299544548099994	-0.0	7.612873730953457e-05	0.00627430535027407	0.0021810623409092354	0.000722388088156206	0.0003140647771435804	0.0022324905245278332	9.366540076726782e-05
Signature.28	0.0013589668755086565	0.001333507701737326	-0.0	0.0005012865667564989	0.001649631483761462	0.0005944009949216391	0.00019897881539500902	0.00026937784065755323	0.003052042178136909	0.0008030843150281828	-0.0	0.0019986633015246194	0.0008336994112469653	0.001217468282492536	-0.0	0.0021461151009153417	0.0002481693909862049	0.0003909547120688633	-0.0	0.00030043219016178064	0.000145925269904269	0.0002565976058047373	-0.0	0.0004199283262610577	0.00011654827242889931	0.0001968734944910387	-0.0	0.00024205044257333882	0.0005602070088802848	0.0009796882734268261	-0.0	0.0013380819319284848	0.005284198316621754	0.0026394495123320547	0.013275575013157603	0.0015907417700468016	0.006199669164582848	0.004707780031158431	0.008472745955753504	0.0034979428646542726	0.00483417827846153	0.0031572909708932105	0.00796271014772088	0.0015825409741280448	0.00819003616896372	0.007511610062060932	0.005285143957124418	0.006652022630165969	0.0005438600567710041	0.003601208101482215	0.0017904859523855026	0.003643576899832424	0.0018881857419185638	0.02699410572762443	0.013625333782646338	0.012314875863774557	0.000524092494970399	0.0047122008912673504	0.002829805556277664	0.0018930302433341447	0.00012268965375099463	0.01133484835102973	0.0030642297621886923	0.010998473014869855	0.002308931773491302	0.008432248068080428	0.005535463983747046	0.0020834279847947047	0.015256568175771855	0.05957949672531446	0.05720656851470945	0.0056863555915928	0.0034736527984734556	0.010531267161031511	0.010820849757295118	0.0003845818240670265	0.005994232990903323	0.032298543289499625	0.014784821106000852	0.011531132040158373	0.0035906451141629672	0.017773390418677846	0.006610313480790701	0.05568268248306183	0.007055070581499962	0.04668104302878554	0.028560636823949565	0.13388626011992782	-0.0	-0.0	0.005544089890155258	0.02984087118091986	0.005668312286735854	0.03353046639645156	0.011971315602594792	0.15581944310840667
Signature.29	0.043152392526769896	0.05084449635393266	0.027656538228829516	0.01659493384691713	0.04601975988832222	0.02911706611349456	0.03408922766246007	0.036925264233424834	0.07069000124128794	0.0871549045438088	0.04008930699012449	0.057288036215840145	0.01832342717770388	0.02942330016433864	0.021840907486700614	0.02806447477635783	0.005735794647333998	0.003207306026337199	0.00023931755764068313	0.002462050552153837	0.0023442707242422494	0.001253171757929217	0.0035745427177641324	0.00012787316854676717	0.00024070955376419132	0.0011211745466115986	-0.0	0.004610481358363392	0.000558977279188596	0.0004134206040623888	0.00025036981554660075	0.0009329601949085364	0.003204718005659581	0.008275332529573434	0.04902929874284914	0.0029529244659413493	0.008169545027116129	0.007968351552451295	0.04673847830505452	0.001495178738672999	0.010541730034663473	0.0044867152350055554	0.045396076423673125	0.005537617163164621	0.008227896416349087	-0.0	0.027658633232342474	0.009168495533787678	-0.0	0.0020690061950644737	0.002485802816610664	0.0020865330673273904	0.0008235448764668202	0.00033459528776509987	0.0034786996446352675	0.0015932826934089378	0.001765704440821586	-0.0	0.00044476250256312807	-0.0	0.00045596751738985166	0.0011878640266206276	0.0014577792966792185	-0.0	0.003619796303966069	0.004307958769353743	0.009319966368939952	0.003225480961483941	-0.0	0.0024219755948285382	0.006750765395711367	0.002170344968747969	0.004272984544153586	0.006715560322450526	0.0047032808796777315	0.0067184723288803185	0.004401431709752293	0.002530249692962553	0.0010127747950014435	0.0016066829863389984	-0.0	-0.0	0.0018597015163401573	-0.0	0.0005209897537389432	-0.0	0.0021220241577753663	0.0008161121410002116	-0.0	-0.0	0.003034297790110614	0.0036953408622028673	-0.0	-0.0	0.00021142362527742304	0.0025813928049407786
Signature.30	-1.035688284983058e-15	-0.0	0.0033081880875622896	-0.0	-0.0	-0.0	0.0057732385073686705	-0.0	0.008701237588936175	0.012030862874122594	0.0022155088195854357	0.008515612166208221	-0.0	-0.0	0.003170437810907106	-0.0	-0.0	-0.0	0.008105254197148496	-0.0	-0.0	-0.0	0.00828346424980969	-0.0	0.007251031324113481	0.008484906725400202	0.003938765764312117	-0.0	-0.0	-0.0	0.0037299379891146687	-0.0	0.0435725472650249	0.05441785739379327	0.034405963272891506	0.014736908660386273	0.06745844328051158	0.07810482707223909	0.04417864612034601	0.033989268433291725	0.04776038841683172	0.06370014177678193	0.039386906877679095	0.019698708944465865	0.06283405692810294	0.09121613395001472	0.028721072346923986	0.03365904977921844	0.0029401391294043002	0.0027519810110145943	0.004546775298007653	0.004144161189528151	0.0026888142099117177	0.006428322967540313	0.008769318136580764	-0.0	0.00244434087847674	0.0034272784585973543	0.004537229251963198	0.00414807450453949	0.003186953199566976	0.004973336350570202	0.0023608244915696228	-0.0	-0.0	0.006445363337915854	0.006243347660593818	-0.0	-0.0	-0.0	-0.0	-0.0	-0.0	0.006753721455892274	0.007117282651025411	0.00548820767897563	-0.0	0.00700788303943983	0.003892156082870197	-0.0	0.0020618976047383614	0.0018105060733780338	0.004343189374048972	0.004231481845966353	0.0023402979661668074	0.005683041730058916	0.007829748336232826	0.007083847353035681	0.002122679220337973	0.0019152589143723881	0.0030248496488111524	0.003637504330612375	0.0035955507887041717	0.0033156086369085886	0.005359660569552005	-0.0
